Customer ID,LifeStage
12346,Growing
12347,Active
12348,New
12349,VIP
12351,New
12352,Active
12353,New
12355,AtRisk
12356,VIP
12357,VIP
12358,VIP
12359,VIP
12360,VIP
12361,Growing
12362,AtRisk
12366,AtRisk
12368,AtRisk
12369,VIP
12370,AtRisk
12371,VIP
12373,AtRisk
12374,VIP
12376,Active
12377,VIP
12378,AtRisk
12379,Active
12380,Growing
12385,New
12386,New
12387,New
12388,Growing
12389,VIP
12391,Growing
12392,AtRisk
12393,Active
12395,VIP
12396,AtRisk
12399,Active
12400,New
12402,Active
12403,Normal
12404,AtRisk
12406,VIP
12408,VIP
12409,VIP
12410,Normal
12411,New
12412,Active
12413,New
12414,Growing
12415,VIP
12416,AtRisk
12417,VIP
12418,Active
12419,Active
12421,Active
12422,VIP
12423,Active
12424,VIP
12425,New
12426,AtRisk
12427,New
12429,VIP
12431,VIP
12433,VIP
12434,New
12435,VIP
12437,VIP
12439,AtRisk
12440,Growing
12441,New
12443,AtRisk
12445,New
12449,Active
12450,Active
12451,Growing
12454,VIP
12455,Growing
12457,New
12458,Growing
12459,AtRisk
12460,Normal
12466,AtRisk
12467,New
12468,Growing
12469,Growing
12470,AtRisk
12471,VIP
12472,VIP
12474,VIP
12475,New
12476,VIP
12477,VIP
12480,VIP
12481,VIP
12482,AtRisk
12483,VIP
12484,Growing
12485,Normal
12486,New
12487,AtRisk
12490,VIP
12492,New
12494,Active
12495,AtRisk
12496,AtRisk
12497,VIP
12499,AtRisk
12500,Growing
12503,AtRisk
12504,Active
12505,New
12507,AtRisk
12510,Growing
12511,New
12514,AtRisk
12516,Growing
12519,Normal
12523,VIP
12524,VIP
12525,Growing
12527,Growing
12529,Normal
12530,VIP
12531,AtRisk
12533,AtRisk
12537,New
12538,New
12539,Growing
12540,VIP
12542,Growing
12543,New
12547,Normal
12549,AtRisk
12553,Active
12554,New
12555,AtRisk
12557,VIP
12562,Active
12563,New
12567,VIP
12568,AtRisk
12570,AtRisk
12573,Active
12575,Growing
12576,Active
12577,Active
12578,VIP
12580,AtRisk
12582,VIP
12583,VIP
12586,VIP
12588,Active
12589,VIP
12591,Active
12592,Growing
12594,VIP
12595,Normal
12598,Growing
12599,Active
12600,VIP
12601,New
12605,Active
12606,AtRisk
12608,New
12609,VIP
12613,VIP
12615,VIP
12616,New
12619,AtRisk
12621,VIP
12623,VIP
12625,Growing
12629,VIP
12631,Growing
12632,Growing
12633,VIP
12634,Growing
12635,Active
12636,AtRisk
12637,VIP
12638,AtRisk
12639,Growing
12643,VIP
12644,Growing
12645,VIP
12647,VIP
12648,Growing
12649,VIP
12651,Active
12652,New
12653,Normal
12655,New
12656,VIP
12661,New
12662,VIP
12663,AtRisk
12664,Growing
12665,Active
12666,New
12668,VIP
12670,Active
12671,AtRisk
12672,AtRisk
12673,New
12675,AtRisk
12676,VIP
12677,AtRisk
12678,VIP
12681,VIP
12682,VIP
12683,VIP
12686,New
12687,Growing
12691,New
12692,AtRisk
12693,Active
12694,New
12695,Growing
12696,Growing
12698,AtRisk
12699,New
12701,Growing
12703,AtRisk
12705,VIP
12708,VIP
12709,VIP
12711,AtRisk
12712,VIP
12714,VIP
12717,AtRisk
12720,VIP
12721,Active
12724,Active
12725,VIP
12726,Active
12727,Growing
12728,New
12730,Normal
12731,Growing
12733,VIP
12734,Active
12737,Growing
12738,New
12739,VIP
12741,Growing
12742,AtRisk
12744,Growing
12745,Growing
12746,Normal
12747,VIP
12748,VIP
12749,VIP
12751,New
12755,VIP
12758,Growing
12759,VIP
12760,New
12761,Growing
12763,New
12765,Growing
12766,VIP
12767,New
12768,New
12770,Normal
12771,Normal
12773,AtRisk
12774,Normal
12775,Active
12776,AtRisk
12777,Normal
12778,Active
12779,VIP
12780,AtRisk
12782,VIP
12784,Normal
12785,Growing
12786,AtRisk
12787,New
12788,Growing
12789,Growing
12790,New
12791,Active
12792,Normal
12793,Active
12796,AtRisk
12797,Active
12798,New
12799,Normal
12800,Growing
12801,Normal
12802,Growing
12803,New
12804,Growing
12805,VIP
12806,Growing
12807,New
12808,Active
12809,AtRisk
12810,Growing
12811,Active
12813,Growing
12817,Active
12819,Normal
12820,VIP
12821,AtRisk
12823,VIP
12825,Growing
12826,VIP
12829,AtRisk
12831,Growing
12835,Growing
12836,VIP
12837,AtRisk
12838,VIP
12839,VIP
12840,Growing
12841,VIP
12842,Active
12843,VIP
12844,Growing
12846,AtRisk
12847,New
12848,AtRisk
12849,VIP
12850,New
12851,Normal
12853,Growing
12854,AtRisk
12855,Active
12857,Growing
12858,New
12859,Normal
12860,AtRisk
12861,AtRisk
12862,Active
12863,VIP
12864,Normal
12865,VIP
12866,Growing
12867,VIP
12868,Active
12869,AtRisk
12870,VIP
12871,New
12872,VIP
12873,VIP
12874,Active
12875,Growing
12876,VIP
12877,Active
12880,Active
12887,New
12889,Active
12890,New
12891,Growing
12892,New
12894,AtRisk
12897,Active
12898,Growing
12899,New
12900,New
12903,New
12905,AtRisk
12907,Active
12908,Active
12909,Active
12910,VIP
12911,AtRisk
12913,VIP
12914,New
12915,Active
12916,Growing
12917,VIP
12918,AtRisk
12920,AtRisk
12921,VIP
12923,Active
12924,VIP
12925,AtRisk
12926,VIP
12927,New
12928,VIP
12931,VIP
12932,Growing
12933,Active
12934,AtRisk
12935,VIP
12937,Growing
12939,VIP
12941,AtRisk
12942,New
12943,AtRisk
12945,AtRisk
12946,New
12947,New
12948,AtRisk
12949,VIP
12951,VIP
12953,Normal
12954,AtRisk
12956,AtRisk
12957,Growing
12958,Active
12959,Normal
12960,Active
12961,New
12963,VIP
12964,New
12967,VIP
12969,AtRisk
12970,Active
12971,VIP
12972,Active
12973,New
12974,AtRisk
12975,Growing
12976,VIP
12977,Growing
12978,VIP
12979,AtRisk
12980,VIP
12982,VIP
12983,AtRisk
12986,Growing
12987,Active
12989,VIP
12990,Active
12991,New
12992,AtRisk
12993,Growing
12996,New
12997,Active
12998,Growing
13000,AtRisk
13001,VIP
13002,Active
13004,VIP
13005,Growing
13007,AtRisk
13008,Active
13009,AtRisk
13010,Active
13011,New
13012,Growing
13013,VIP
13014,New
13015,Growing
13018,VIP
13019,Active
13020,AtRisk
13021,VIP
13022,New
13023,Normal
13024,Growing
13025,AtRisk
13026,Growing
13027,VIP
13029,Active
13030,New
13031,VIP
13032,VIP
13033,New
13034,Active
13035,New
13036,AtRisk
13037,VIP
13039,AtRisk
13041,Growing
13042,AtRisk
13044,Growing
13045,Active
13046,Normal
13047,VIP
13048,Growing
13049,Active
13050,VIP
13051,AtRisk
13052,VIP
13053,AtRisk
13055,New
13056,AtRisk
13057,Growing
13059,VIP
13063,Normal
13064,AtRisk
13065,Active
13067,Active
13069,VIP
13070,Growing
13071,AtRisk
13073,Active
13074,Growing
13076,Normal
13077,VIP
13078,VIP
13079,New
13080,Active
13081,VIP
13082,VIP
13083,New
13084,Normal
13085,AtRisk
13086,New
13087,AtRisk
13088,New
13089,VIP
13090,VIP
13091,AtRisk
13092,VIP
13093,VIP
13094,Active
13096,New
13097,VIP
13101,Growing
13102,VIP
13103,Growing
13104,Active
13105,New
13106,New
13107,VIP
13108,Active
13109,AtRisk
13110,Growing
13111,AtRisk
13112,Normal
13113,VIP
13114,AtRisk
13115,VIP
13117,VIP
13118,Active
13119,AtRisk
13123,Growing
13124,New
13125,Normal
13126,VIP
13128,AtRisk
13129,Growing
13131,VIP
13133,Normal
13134,Active
13135,Normal
13136,VIP
13137,VIP
13138,Active
13139,New
13140,Active
13141,VIP
13143,AtRisk
13144,New
13145,Active
13148,VIP
13150,Growing
13151,AtRisk
13152,VIP
13154,VIP
13155,Active
13156,VIP
13157,VIP
13158,New
13161,Normal
13162,VIP
13163,AtRisk
13164,AtRisk
13165,New
13166,New
13167,New
13168,Normal
13169,AtRisk
13172,New
13173,VIP
13174,VIP
13175,AtRisk
13177,New
13178,VIP
13179,AtRisk
13180,AtRisk
13181,New
13183,VIP
13187,AtRisk
13190,Growing
13191,AtRisk
13192,Growing
13194,New
13195,New
13196,Growing
13197,AtRisk
13198,VIP
13199,VIP
13201,Growing
13202,VIP
13203,VIP
13204,AtRisk
13205,New
13206,VIP
13207,Growing
13208,Growing
13209,Growing
13211,VIP
13213,VIP
13214,VIP
13215,New
13217,AtRisk
13219,AtRisk
13220,AtRisk
13222,AtRisk
13223,Active
13225,VIP
13226,New
13230,VIP
13233,Active
13234,AtRisk
13237,New
13238,Growing
13239,Growing
13240,Active
13241,New
13242,Growing
13243,Growing
13245,New
13246,Active
13249,Active
13250,Growing
13251,New
13252,Active
13253,Growing
13254,New
13255,Active
13257,New
13258,Active
13259,Active
13262,Active
13263,Active
13264,New
13266,VIP
13267,VIP
13269,VIP
13270,New
13274,New
13275,Active
13276,Active
13277,Active
13278,Active
13280,VIP
13281,New
13282,New
13283,AtRisk
13285,AtRisk
13286,AtRisk
13287,AtRisk
13288,Growing
13289,AtRisk
13290,New
13291,VIP
13292,Active
13293,Active
13294,AtRisk
13295,Active
13296,Active
13297,VIP
13299,Active
13300,Active
13302,Normal
13303,New
13304,Growing
13305,VIP
13306,New
13307,Growing
13308,AtRisk
13309,New
13310,Active
13312,New
13313,Growing
13315,AtRisk
13316,VIP
13317,VIP
13319,VIP
13320,Growing
13324,Growing
13326,New
13327,VIP
13329,VIP
13330,Growing
13331,New
13333,Active
13334,Growing
13337,AtRisk
13338,Growing
13340,VIP
13346,Growing
13357,Growing
13359,New
13360,Growing
13361,Growing
13362,VIP
13363,New
13367,New
13368,Active
13369,New
13370,New
13371,Growing
13373,VIP
13374,Active
13375,New
13377,VIP
13380,New
13381,VIP
13382,Growing
13383,Normal
13384,VIP
13386,Active
13387,New
13388,AtRisk
13392,AtRisk
13393,AtRisk
13394,VIP
13395,Active
13397,Growing
13398,New
13399,Growing
13400,AtRisk
13402,Active
13403,Active
13405,Growing
13406,Growing
13407,AtRisk
13408,VIP
13410,Active
13412,AtRisk
13413,AtRisk
13414,Growing
13415,Growing
13416,AtRisk
13417,AtRisk
13418,VIP
13421,VIP
13423,New
13424,New
13425,Growing
13426,VIP
13427,Growing
13428,Growing
13431,VIP
13432,AtRisk
13433,Growing
13434,Active
13435,Active
13438,AtRisk
13439,Active
13440,Active
13441,New
13442,AtRisk
13443,Growing
13444,Active
13445,AtRisk
13446,Growing
13448,VIP
13450,VIP
13451,VIP
13452,Normal
13453,New
13454,AtRisk
13455,VIP
13457,AtRisk
13458,VIP
13459,AtRisk
13461,VIP
13462,Active
13464,VIP
13465,Growing
13466,Active
13468,VIP
13469,AtRisk
13472,Growing
13473,AtRisk
13474,Growing
13476,Active
13477,Growing
13478,Growing
13479,Growing
13480,Active
13481,VIP
13482,AtRisk
13484,Active
13485,VIP
13487,Growing
13488,VIP
13490,AtRisk
13491,VIP
13495,VIP
13497,Active
13498,AtRisk
13500,New
13501,Growing
13502,Active
13503,Growing
13506,Active
13508,AtRisk
13509,Normal
13510,VIP
13511,AtRisk
13512,Active
13513,Growing
13514,Growing
13515,Growing
13516,New
13519,New
13520,VIP
13523,Active
13526,AtRisk
13527,VIP
13530,AtRisk
13531,Active
13534,VIP
13535,New
13537,Active
13538,VIP
13539,Active
13540,Growing
13541,Growing
13542,VIP
13543,AtRisk
13544,Active
13545,Active
13546,Active
13547,New
13548,Normal
13549,New
13550,New
13551,AtRisk
13552,Growing
13553,AtRisk
13554,VIP
13555,VIP
13556,Growing
13557,VIP
13559,Growing
13561,VIP
13562,VIP
13564,VIP
13565,New
13566,Growing
13567,Growing
13569,Active
13571,VIP
13573,Active
13574,New
13576,VIP
13577,VIP
13578,New
13579,Active
13580,New
13581,New
13582,Active
13583,AtRisk
13584,Growing
13585,Growing
13586,Normal
13587,Growing
13589,Growing
13590,VIP
13591,Growing
13593,VIP
13594,Normal
13595,Growing
13597,Active
13598,Growing
13599,VIP
13600,AtRisk
13601,Active
13602,Active
13604,AtRisk
13605,Active
13607,New
13608,Normal
13609,AtRisk
13610,Active
13611,VIP
13612,AtRisk
13613,Growing
13614,Active
13615,VIP
13616,AtRisk
13617,Active
13619,Growing
13620,Normal
13622,AtRisk
13623,VIP
13624,New
13625,AtRisk
13626,New
13627,Growing
13628,AtRisk
13629,VIP
13632,VIP
13634,VIP
13635,Growing
13639,New
13640,AtRisk
13641,AtRisk
13642,Growing
13643,VIP
13646,Active
13647,Growing
13648,VIP
13649,Active
13650,VIP
13651,New
13652,VIP
13653,Normal
13654,VIP
13655,Active
13656,Growing
13658,VIP
13659,VIP
13660,New
13661,AtRisk
13662,Active
13663,VIP
13665,VIP
13666,Active
13668,VIP
13669,New
13671,New
13672,AtRisk
13674,New
13676,Growing
13677,Active
13679,Growing
13680,Growing
13683,Normal
13684,Active
13686,Active
13687,New
13688,AtRisk
13689,New
13691,New
13692,VIP
13693,VIP
13694,VIP
13695,AtRisk
13696,VIP
13698,AtRisk
13699,AtRisk
13700,Active
13701,New
13702,New
13703,New
13705,Active
13706,AtRisk
13707,Growing
13709,Growing
13710,Active
13711,VIP
13712,AtRisk
13713,Active
13714,Normal
13715,VIP
13717,Growing
13719,VIP
13721,New
13722,VIP
13723,Active
13724,AtRisk
13727,AtRisk
13728,VIP
13729,Growing
13733,Active
13734,Growing
13735,VIP
13736,VIP
13738,New
13739,Normal
13740,Active
13745,AtRisk
13746,New
13747,Active
13748,Active
13750,VIP
13752,Normal
13753,AtRisk
13754,New
13756,VIP
13757,AtRisk
13758,VIP
13760,Active
13761,Growing
13762,AtRisk
13763,VIP
13764,AtRisk
13765,AtRisk
13766,Normal
13767,VIP
13768,AtRisk
13769,VIP
13770,Active
13771,Growing
13772,VIP
13773,Active
13775,AtRisk
13776,Growing
13777,VIP
13778,Growing
13779,Normal
13780,New
13781,AtRisk
13782,Growing
13783,Growing
13784,Growing
13785,Growing
13786,VIP
13787,Growing
13788,Normal
13789,New
13792,New
13793,AtRisk
13794,AtRisk
13795,Active
13796,Normal
13797,Growing
13798,VIP
13799,Growing
13800,Growing
13802,VIP
13803,Growing
13804,Growing
13807,Active
13809,Active
13813,Growing
13814,Normal
13815,VIP
13818,New
13819,AtRisk
13820,Active
13821,Active
13823,VIP
13824,VIP
13825,AtRisk
13829,New
13830,AtRisk
13831,VIP
13832,New
13833,New
13834,AtRisk
13835,Growing
13836,Active
13838,Active
13839,Normal
13840,New
13842,VIP
13843,New
13846,New
13847,AtRisk
13848,VIP
13849,VIP
13851,VIP
13852,AtRisk
13854,VIP
13855,Growing
13856,Growing
13857,Active
13859,Normal
13861,Growing
13862,New
13863,Growing
13864,New
13869,VIP
13870,VIP
13871,Growing
13872,Growing
13873,Active
13874,Growing
13875,VIP
13877,Growing
13878,AtRisk
13879,AtRisk
13880,Active
13881,VIP
13883,VIP
13884,Active
13888,VIP
13889,VIP
13890,Active
13891,Active
13892,Growing
13895,Growing
13896,AtRisk
13897,Growing
13898,New
13900,Active
13901,VIP
13902,AtRisk
13903,New
13905,AtRisk
13906,New
13907,AtRisk
13909,Active
13911,VIP
13912,New
13913,Normal
13915,New
13916,Growing
13919,Active
13920,Growing
13921,Active
13922,Growing
13927,New
13929,VIP
13931,VIP
13935,AtRisk
13936,Active
13937,New
13939,Growing
13941,VIP
13942,Normal
13943,AtRisk
13944,AtRisk
13945,Active
13946,Active
13948,Active
13952,VIP
13953,VIP
13955,New
13957,Active
13958,VIP
13959,Active
13961,New
13962,New
13963,VIP
13964,Active
13965,Growing
13966,New
13967,New
13968,New
13969,VIP
13970,Active
13971,VIP
13974,AtRisk
13975,VIP
13976,Growing
13977,New
13979,VIP
13980,Growing
13981,New
13982,VIP
13983,VIP
13984,Active
13985,VIP
13987,Active
13988,Active
13989,Growing
13992,Active
13993,VIP
13995,VIP
13996,Active
13997,Growing
13998,Growing
13999,VIP
14000,Active
14001,VIP
14003,AtRisk
14004,VIP
14006,Growing
14007,Normal
14008,New
14009,Normal
14010,AtRisk
14011,Growing
14013,Active
14014,VIP
14016,VIP
14017,AtRisk
14018,AtRisk
14020,Growing
14021,Active
14022,Normal
14024,New
14025,Growing
14026,Growing
14028,AtRisk
14030,VIP
14031,VIP
14032,VIP
14033,AtRisk
14035,VIP
14037,Growing
14038,VIP
14039,AtRisk
14040,VIP
14042,AtRisk
14043,Growing
14044,VIP
14045,VIP
14047,VIP
14048,Active
14049,VIP
14051,VIP
14052,New
14053,Active
14055,AtRisk
14057,VIP
14058,Growing
14060,VIP
14061,Growing
14062,VIP
14063,Growing
14064,Growing
14065,Active
14068,AtRisk
14069,Growing
14070,AtRisk
14072,AtRisk
14074,AtRisk
14075,Active
14077,New
14078,Active
14079,AtRisk
14080,Active
14081,VIP
14082,New
14083,Active
14084,Normal
14085,VIP
14086,Normal
14087,Active
14088,VIP
14091,AtRisk
14092,VIP
14094,New
14095,AtRisk
14097,Growing
14099,VIP
14101,VIP
14104,Active
14105,VIP
14106,AtRisk
14107,Growing
14108,AtRisk
14110,Growing
14112,Growing
14113,VIP
14114,Active
14115,Growing
14118,New
14119,Active
14122,Active
14123,AtRisk
14126,New
14127,Active
14128,AtRisk
14129,VIP
14130,Active
14131,AtRisk
14133,AtRisk
14134,VIP
14135,VIP
14136,VIP
14137,AtRisk
14139,Growing
14142,Active
14144,Normal
14145,Growing
14146,VIP
14147,VIP
14148,New
14151,AtRisk
14152,Active
14153,Normal
14154,VIP
14156,VIP
14157,Active
14159,VIP
14160,AtRisk
14161,VIP
14163,Normal
14166,Growing
14167,Growing
14168,Active
14169,Growing
14170,Active
14171,AtRisk
14172,AtRisk
14173,AtRisk
14175,VIP
14176,Active
14177,VIP
14180,VIP
14181,Active
14182,Growing
14183,Active
14186,Growing
14187,Normal
14189,Active
14190,AtRisk
14191,Active
14192,New
14193,New
14194,VIP
14195,Growing
14197,New
14198,Active
14199,Active
14200,AtRisk
14201,Active
14202,Active
14203,New
14204,Active
14205,VIP
14206,Active
14207,AtRisk
14208,AtRisk
14209,VIP
14210,VIP
14211,VIP
14212,New
14213,New
14215,VIP
14216,New
14217,Active
14219,Active
14220,AtRisk
14221,Growing
14224,Active
14225,Growing
14226,New
14227,VIP
14228,Growing
14229,Active
14230,Growing
14231,New
14233,Growing
14235,Growing
14236,Active
14237,Active
14238,AtRisk
14239,Growing
14240,New
14241,AtRisk
14243,VIP
14244,AtRisk
14247,Active
14248,Growing
14249,VIP
14252,New
14253,Growing
14254,New
14255,AtRisk
14256,Growing
14257,VIP
14258,VIP
14260,Growing
14263,New
14264,Active
14265,Growing
14266,New
14268,Normal
14269,New
14271,New
14272,AtRisk
14274,AtRisk
14275,Active
14276,Active
14277,VIP
14278,New
14279,Growing
14281,New
14282,VIP
14283,Growing
14284,AtRisk
14285,Growing
14286,VIP
14290,VIP
14291,VIP
14292,VIP
14293,VIP
14294,New
14295,Growing
14296,Active
14298,VIP
14299,VIP
14301,Active
14302,Growing
14303,Active
14304,Active
14306,Active
14307,VIP
14308,AtRisk
14309,VIP
14310,New
14311,AtRisk
14312,VIP
14314,New
14315,AtRisk
14316,Active
14318,Normal
14319,New
14320,AtRisk
14321,Growing
14322,Growing
14324,Active
14325,AtRisk
14326,Growing
14327,VIP
14328,New
14329,VIP
14330,AtRisk
14332,Active
14334,VIP
14338,Normal
14339,New
14341,VIP
14342,Growing
14343,Active
14344,VIP
14346,Active
14347,AtRisk
14350,Active
14353,Active
14355,Active
14358,Active
14361,AtRisk
14363,Active
14365,Active
14366,Normal
14369,AtRisk
14370,Growing
14372,Growing
14374,Normal
14375,Growing
14376,AtRisk
14378,AtRisk
14379,Active
14380,AtRisk
14381,New
14382,New
14384,Normal
14388,VIP
14389,Active
14390,VIP
14391,AtRisk
14392,New
14394,AtRisk
14395,VIP
14396,VIP
14398,Active
14399,VIP
14400,Active
14401,VIP
14402,AtRisk
14403,AtRisk
14404,VIP
14405,New
14408,Growing
14409,VIP
14410,VIP
14412,New
14413,Active
14414,New
14415,VIP
14417,New
14419,New
14420,Active
14421,Growing
14422,VIP
14423,Growing
14425,Growing
14426,VIP
14427,Growing
14429,New
14430,Growing
14431,VIP
14433,Normal
14435,Normal
14436,AtRisk
14437,Active
14439,Growing
14440,VIP
14441,VIP
14442,VIP
14443,Active
14444,Normal
14445,New
14446,New
14447,New
14449,VIP
14450,Active
14451,VIP
14452,Active
14454,Active
14455,Growing
14458,New
14459,AtRisk
14460,Active
14461,VIP
14462,New
14463,Normal
14464,AtRisk
14465,Growing
14466,VIP
14467,VIP
14468,AtRisk
14469,VIP
14470,New
14471,AtRisk
14472,AtRisk
14474,AtRisk
14475,New
14477,Growing
14478,Active
14479,Active
14480,Active
14481,VIP
14482,VIP
14483,AtRisk
14484,Active
14486,Growing
14487,Active
14489,Growing
14490,Active
14491,New
14492,Growing
14493,VIP
14494,Active
14495,AtRisk
14496,VIP
14497,AtRisk
14498,VIP
14499,Active
14505,VIP
14506,Active
14507,VIP
14508,Active
14509,Normal
14510,Active
14512,Active
14513,Growing
14514,Growing
14515,VIP
14516,Normal
14519,AtRisk
14521,Normal
14522,AtRisk
14524,Active
14525,Growing
14526,New
14527,VIP
14530,VIP
14531,Normal
14532,VIP
14533,VIP
14534,VIP
14535,VIP
14537,AtRisk
14538,Growing
14540,VIP
14541,Active
14543,VIP
14544,Normal
14545,AtRisk
14546,VIP
14548,Growing
14549,Active
14550,Active
14551,Active
14552,Active
14553,Active
14555,VIP
14556,AtRisk
14558,AtRisk
14559,New
14560,VIP
14562,VIP
14563,Growing
14564,Growing
14565,Normal
14566,VIP
14568,New
14569,Growing
14570,New
14571,New
14572,VIP
14573,Active
14574,AtRisk
14575,Normal
14576,New
14577,Active
14579,New
14580,Normal
14581,Normal
14583,Active
14584,Active
14585,Active
14588,AtRisk
14589,New
14590,VIP
14593,VIP
14594,New
14595,Growing
14596,AtRisk
14597,Active
14598,AtRisk
14599,Active
14600,New
14602,AtRisk
14604,AtRisk
14605,Active
14606,VIP
14607,Growing
14608,VIP
14609,Active
14610,Active
14611,Growing
14612,New
14613,AtRisk
14614,New
14615,Active
14616,Active
14617,Active
14618,Active
14619,Normal
14621,Growing
14623,Active
14624,Active
14625,VIP
14626,VIP
14627,New
14628,Growing
14630,Normal
14631,Active
14634,Growing
14635,New
14637,AtRisk
14639,VIP
14640,VIP
14643,AtRisk
14644,Active
14645,AtRisk
14646,VIP
14647,Normal
14648,VIP
14649,VIP
14650,AtRisk
14651,Active
14653,Growing
14654,AtRisk
14655,VIP
14656,Active
14657,Growing
14662,Growing
14663,Growing
14665,Growing
14667,VIP
14668,New
14669,AtRisk
14670,AtRisk
14671,AtRisk
14672,Growing
14673,VIP
14674,Normal
14675,New
14676,VIP
14677,AtRisk
14678,AtRisk
14679,Active
14680,VIP
14681,Active
14682,Growing
14683,AtRisk
14684,New
14685,AtRisk
14686,Active
14687,Active
14688,VIP
14690,Active
14692,Active
14693,Active
14694,AtRisk
14695,Growing
14696,Active
14699,Growing
14700,Active
14701,Growing
14702,VIP
14704,Active
14706,AtRisk
14707,Growing
14708,Active
14709,VIP
14710,Active
14712,New
14713,VIP
14714,Active
14715,Growing
14716,New
14717,AtRisk
14718,New
14721,New
14722,Growing
14723,Active
14724,AtRisk
14725,Active
14726,AtRisk
14727,AtRisk
14728,New
14729,Active
14732,VIP
14733,VIP
14734,Active
14735,VIP
14736,Growing
14737,New
14738,AtRisk
14739,VIP
14740,VIP
14741,Active
14742,New
14743,AtRisk
14744,VIP
14745,Growing
14746,Active
14748,VIP
14749,Normal
14750,AtRisk
14751,AtRisk
14753,Normal
14754,Active
14755,VIP
14756,VIP
14758,Active
14761,New
14762,AtRisk
14766,VIP
14767,Normal
14769,VIP
14770,Growing
14771,AtRisk
14773,AtRisk
14774,Normal
14775,New
14776,Active
14777,New
14783,AtRisk
14784,New
14786,AtRisk
14787,Normal
14788,AtRisk
14790,VIP
14791,AtRisk
14793,Normal
14794,Active
14796,VIP
14797,Normal
14798,Active
14799,AtRisk
14800,VIP
14802,Growing
14805,Active
14806,New
14807,Active
14809,AtRisk
14810,Active
14811,New
14812,AtRisk
14813,Active
14814,AtRisk
14817,VIP
14818,Growing
14819,Growing
14820,Active
14821,Active
14822,Normal
14824,VIP
14825,VIP
14826,AtRisk
14828,VIP
14829,Active
14831,AtRisk
14832,AtRisk
14833,Normal
14834,New
14835,Growing
14837,Growing
14838,Active
14839,Active
14840,Normal
14841,VIP
14843,New
14844,Growing
14845,AtRisk
14846,New
14847,Active
14848,New
14849,VIP
14850,VIP
14851,AtRisk
14852,VIP
14853,Active
14854,VIP
14855,Growing
14857,Growing
14858,Normal
14859,AtRisk
14861,Active
14865,Active
14866,VIP
14867,VIP
14868,Active
14869,VIP
14870,VIP
14871,Growing
14872,Growing
14873,AtRisk
14874,Normal
14875,New
14876,Growing
14877,Active
14878,VIP
14879,AtRisk
14882,VIP
14884,AtRisk
14885,Growing
14890,AtRisk
14891,Active
14892,AtRisk
14893,AtRisk
14894,Growing
14895,VIP
14896,VIP
14897,VIP
14898,VIP
14899,New
14900,Normal
14901,Active
14902,Active
14904,Active
14905,Active
14906,New
14907,VIP
14908,Normal
14909,Growing
14911,VIP
14912,Active
14913,VIP
14915,VIP
14916,Growing
14917,AtRisk
14918,VIP
14919,Normal
14920,AtRisk
14922,Active
14924,AtRisk
14926,Active
14927,New
14928,AtRisk
14929,New
14930,Growing
14932,Active
14933,Growing
14934,VIP
14935,AtRisk
14936,VIP
14938,AtRisk
14940,Active
14941,AtRisk
14942,Active
14943,AtRisk
14944,VIP
14945,New
14947,Active
14949,Growing
14952,VIP
14953,Active
14954,AtRisk
14955,AtRisk
14956,New
14957,AtRisk
14958,AtRisk
14961,VIP
14962,Growing
14963,VIP
14966,Active
14967,Growing
14968,Normal
14969,AtRisk
14970,VIP
14972,New
14975,New
14977,AtRisk
14978,Growing
14979,AtRisk
14980,AtRisk
14981,New
14982,AtRisk
14983,AtRisk
14984,Active
14986,Active
14987,Active
14988,VIP
14989,AtRisk
14990,AtRisk
14991,New
14992,New
14993,AtRisk
14994,Active
14996,Growing
14997,AtRisk
14998,Growing
14999,AtRisk
15001,Active
15002,VIP
15003,Growing
15005,VIP
15006,New
15008,Growing
15011,Active
15012,Active
15013,Growing
15015,Growing
15016,Active
15018,New
15020,New
15021,Active
15022,AtRisk
15023,VIP
15024,VIP
15025,AtRisk
15026,Active
15027,VIP
15028,Active
15029,AtRisk
15030,VIP
15031,VIP
15032,VIP
15034,VIP
15037,Active
15038,Active
15039,VIP
15040,Normal
15041,New
15042,AtRisk
15043,Growing
15044,VIP
15046,VIP
15048,New
15050,VIP
15051,VIP
15055,Growing
15056,Normal
15057,Growing
15058,Active
15059,VIP
15061,VIP
15062,VIP
15064,Active
15065,New
15067,VIP
15068,Active
15070,Active
15071,Active
15072,Normal
15073,VIP
15074,Growing
15076,Growing
15077,Growing
15078,VIP
15079,VIP
15080,Growing
15081,VIP
15082,AtRisk
15084,Active
15085,AtRisk
15086,AtRisk
15091,AtRisk
15092,Normal
15093,VIP
15094,Growing
15095,VIP
15097,AtRisk
15100,VIP
15101,Growing
15102,Growing
15105,Growing
15107,Active
15109,AtRisk
15110,Active
15111,Active
15112,AtRisk
15114,Active
15115,AtRisk
15117,Growing
15122,VIP
15123,VIP
15124,Growing
15125,Growing
15126,Growing
15127,Normal
15128,New
15129,VIP
15131,New
15133,Active
15134,Active
15135,AtRisk
15137,Growing
15138,New
15140,New
15141,Growing
15142,VIP
15143,New
15144,VIP
15149,AtRisk
15150,Growing
15151,VIP
15152,AtRisk
15154,Growing
15155,New
15157,AtRisk
15158,New
15159,VIP
15160,Active
15161,New
15162,AtRisk
15164,Active
15165,New
15166,Normal
15167,VIP
15169,Active
15170,New
15173,VIP
15174,New
15176,AtRisk
15177,New
15179,VIP
15180,Active
15181,Active
15182,VIP
15183,AtRisk
15184,Active
15186,Growing
15188,AtRisk
15189,Active
15190,New
15191,Growing
15192,Active
15194,VIP
15196,Growing
15197,Active
15198,Active
15199,VIP
15200,Normal
15201,Growing
15202,VIP
15203,VIP
15207,Active
15208,New
15209,AtRisk
15210,Active
15211,New
15212,New
15215,VIP
15216,AtRisk
15217,AtRisk
15218,VIP
15219,AtRisk
15221,VIP
15222,Growing
15223,AtRisk
15224,Growing
15227,Active
15228,Growing
15229,AtRisk
15231,AtRisk
15233,New
15235,Active
15240,VIP
15241,Growing
15242,New
15243,New
15244,AtRisk
15245,VIP
15246,AtRisk
15247,Growing
15248,VIP
15249,Growing
15250,AtRisk
15251,VIP
15252,Active
15253,Active
15254,AtRisk
15255,VIP
15256,AtRisk
15257,New
15259,Growing
15260,VIP
15261,Active
15262,Active
15264,Normal
15265,AtRisk
15266,Active
15268,Growing
15269,Active
15270,VIP
15271,VIP
15272,Growing
15273,AtRisk
15276,Active
15277,New
15278,AtRisk
15279,Active
15280,Growing
15281,VIP
15282,AtRisk
15283,Active
15284,Normal
15285,New
15287,Active
15288,VIP
15289,Growing
15290,VIP
15291,VIP
15293,AtRisk
15294,New
15295,AtRisk
15296,VIP
15298,VIP
15299,VIP
15301,VIP
15302,AtRisk
15303,AtRisk
15304,Active
15305,AtRisk
15306,Growing
15309,AtRisk
15310,Normal
15311,VIP
15312,VIP
15314,Active
15317,AtRisk
15321,Growing
15322,Normal
15323,AtRisk
15324,AtRisk
15325,VIP
15326,AtRisk
15328,New
15329,VIP
15331,Growing
15332,VIP
15336,New
15337,New
15338,AtRisk
15339,Active
15340,AtRisk
15341,New
15346,Active
15347,Active
15350,Active
15351,VIP
15352,AtRisk
15353,VIP
15354,AtRisk
15356,Active
15358,VIP
15359,AtRisk
15361,Growing
15362,Growing
15363,Active
15365,VIP
15366,VIP
15367,VIP
15368,New
15369,Growing
15370,New
15371,AtRisk
15372,Growing
15373,Active
15374,AtRisk
15375,AtRisk
15377,Active
15378,Growing
15379,New
15380,VIP
15381,Active
15382,VIP
15384,Active
15385,Active
15387,Normal
15389,VIP
15390,Active
15391,AtRisk
15392,Active
15393,AtRisk
15394,VIP
15396,AtRisk
15400,Active
15401,Growing
15402,Active
15403,Growing
15404,New
15405,AtRisk
15406,Growing
15409,AtRisk
15410,AtRisk
15413,AtRisk
15416,Growing
15418,Active
15420,Growing
15421,VIP
15422,VIP
15423,AtRisk
15424,Normal
15425,VIP
15426,Active
15428,Active
15430,Growing
15431,Normal
15432,Normal
15434,VIP
15437,AtRisk
15439,Active
15441,Active
15443,Growing
15445,AtRisk
15446,Active
15447,Growing
15448,AtRisk
15451,Growing
15452,Active
15454,AtRisk
15455,AtRisk
15456,VIP
15458,New
15459,Active
15461,Growing
15462,New
15465,VIP
15466,Active
15468,New
15469,New
15470,AtRisk
15471,Active
15473,New
15474,AtRisk
15476,VIP
15477,AtRisk
15478,AtRisk
15479,AtRisk
15480,Growing
15481,New
15482,VIP
15483,Active
15484,Growing
15485,VIP
15486,Normal
15487,AtRisk
15488,Growing
15489,Active
15490,New
15493,VIP
15494,Growing
15495,New
15496,AtRisk
15497,VIP
15498,VIP
15499,AtRisk
15501,Active
15502,VIP
15503,AtRisk
15504,Growing
15506,Active
15509,New
15512,Active
15513,VIP
15514,VIP
15515,New
15518,VIP
15519,Active
15521,VIP
15523,VIP
15524,AtRisk
15525,Active
15527,VIP
15529,Active
15530,Normal
15532,VIP
15534,AtRisk
15535,Active
15536,New
15538,Growing
15540,New
15542,Growing
15543,Normal
15544,VIP
15545,New
15546,AtRisk
15547,VIP
15548,AtRisk
15549,Active
15550,VIP
15551,Active
15552,AtRisk
15555,VIP
15558,AtRisk
15559,AtRisk
15560,Active
15561,Active
15562,Active
15563,Growing
15564,Growing
15566,Active
15569,VIP
15570,VIP
15571,VIP
15572,VIP
15573,AtRisk
15574,Active
15575,AtRisk
15577,AtRisk
15579,Active
15580,Active
15581,VIP
15583,New
15584,Active
15586,AtRisk
15587,Active
15588,AtRisk
15590,VIP
15591,AtRisk
15595,Normal
15596,VIP
15597,AtRisk
15598,New
15599,New
15600,Growing
15601,VIP
15602,VIP
15603,AtRisk
15605,Active
15606,VIP
15607,Growing
15608,New
15611,Active
15613,AtRisk
15614,Growing
15615,VIP
15616,New
15617,Active
15620,New
15622,Growing
15623,VIP
15625,VIP
15626,New
15627,Growing
15628,VIP
15629,Growing
15630,AtRisk
15631,AtRisk
15633,Growing
15634,New
15635,New
15636,Growing
15637,Active
15638,VIP
15639,Growing
15640,VIP
15641,VIP
15642,AtRisk
15645,Active
15646,Active
15647,New
15649,Active
15650,Growing
15651,Active
15652,Active
15658,Active
15659,Active
15660,Active
15661,Active
15662,AtRisk
15664,Growing
15665,VIP
15666,Growing
15670,AtRisk
15672,AtRisk
15673,Growing
15674,VIP
15675,New
15677,Active
15678,VIP
15680,VIP
15681,VIP
15682,AtRisk
15683,Normal
15684,AtRisk
15685,New
15686,New
15688,New
15689,AtRisk
15691,Active
15693,AtRisk
15694,VIP
15695,AtRisk
15696,Active
15697,AtRisk
15698,AtRisk
15702,Growing
15704,Growing
15708,Active
15709,AtRisk
15710,New
15711,AtRisk
15712,VIP
15713,Active
15714,Growing
15715,AtRisk
15716,VIP
15717,Active
15718,Normal
15719,VIP
15720,AtRisk
15722,Growing
15723,Active
15724,New
15726,New
15727,VIP
15728,Active
15729,Active
15730,Active
15731,AtRisk
15732,Active
15734,Growing
15735,New
15736,Growing
15738,VIP
15741,Growing
15742,AtRisk
15747,VIP
15748,Growing
15750,VIP
15751,Growing
15752,VIP
15754,Growing
15755,VIP
15757,VIP
15759,Growing
15760,AtRisk
15761,New
15764,Growing
15765,AtRisk
15766,Growing
15768,Growing
15769,VIP
15770,AtRisk
15771,AtRisk
15772,New
15773,New
15774,Active
15775,AtRisk
15777,Active
15778,New
15779,Growing
15782,New
15784,Growing
15785,VIP
15786,VIP
15788,Normal
15789,Growing
15791,Growing
15792,Active
15793,VIP
15794,AtRisk
15795,Growing
15796,VIP
15797,AtRisk
15798,Growing
15799,New
15800,Growing
15803,Growing
15805,VIP
15807,Active
15808,VIP
15809,Growing
15810,VIP
15811,VIP
15812,Growing
15814,Active
15816,Growing
15817,VIP
15818,AtRisk
15819,Growing
15822,Growing
15823,VIP
15824,Growing
15826,AtRisk
15827,VIP
15828,New
15833,AtRisk
15834,VIP
15837,Normal
15838,VIP
15841,VIP
15842,Active
15845,Growing
15846,New
15847,Growing
15848,AtRisk
15850,Active
15851,Normal
15852,Normal
15854,VIP
15855,Normal
15856,VIP
15857,New
15858,VIP
15859,New
15860,VIP
15861,Growing
15862,VIP
15863,AtRisk
15864,New
15865,Active
15867,VIP
15868,AtRisk
15869,AtRisk
15870,Active
15871,New
15872,Active
15873,Growing
15874,VIP
15875,AtRisk
15876,VIP
15878,AtRisk
15879,Active
15880,New
15882,Active
15884,Growing
15885,VIP
15886,Active
15887,Active
15888,Active
15889,Active
15890,Active
15892,AtRisk
15893,Normal
15894,New
15898,VIP
15899,New
15900,Active
15901,Growing
15902,New
15903,VIP
15905,Normal
15906,Active
15908,Growing
15910,VIP
15911,AtRisk
15912,Growing
15913,Normal
15914,Active
15915,New
15916,VIP
15917,AtRisk
15918,AtRisk
15919,New
15920,Active
15921,Active
15922,New
15923,New
15924,AtRisk
15926,Normal
15927,AtRisk
15928,AtRisk
15929,AtRisk
15931,New
15934,VIP
15936,Active
15938,Growing
15939,New
15941,AtRisk
15943,AtRisk
15944,VIP
15945,Active
15946,Growing
15948,New
15950,VIP
15951,New
15953,VIP
15954,AtRisk
15955,VIP
15956,AtRisk
15957,Active
15958,Active
15959,AtRisk
15960,Active
15961,New
15962,New
15964,AtRisk
15965,VIP
15966,New
15967,VIP
15968,New
15969,Active
15970,AtRisk
15971,VIP
15972,Growing
15973,Active
15976,Active
15978,Growing
15979,AtRisk
15980,Growing
15981,VIP
15982,AtRisk
15983,VIP
15984,VIP
15985,Growing
15986,New
15987,Active
15988,AtRisk
15989,Active
15990,Growing
15991,Normal
15992,Active
15994,Active
15995,New
15996,Active
15998,VIP
15999,AtRisk
16001,New
16002,AtRisk
16003,VIP
16004,Growing
16005,VIP
16006,New
16007,Active
16008,VIP
16010,Active
16011,VIP
16012,VIP
16013,VIP
16014,Active
16016,Active
16017,Active
16018,Active
16019,VIP
16021,Active
16024,Active
16027,Growing
16028,AtRisk
16029,VIP
16032,Growing
16033,VIP
16034,Active
16035,AtRisk
16036,VIP
16037,Growing
16039,Active
16040,Growing
16042,Active
16043,Active
16044,New
16045,VIP
16046,AtRisk
16047,AtRisk
16048,Active
16049,Active
16050,Active
16051,AtRisk
16053,VIP
16054,Active
16057,Growing
16058,New
16059,VIP
16060,Active
16061,New
16062,VIP
16064,AtRisk
16065,VIP
16067,AtRisk
16068,AtRisk
16069,New
16071,Growing
16072,Growing
16074,New
16075,Growing
16077,AtRisk
16078,AtRisk
16080,Active
16081,VIP
16082,AtRisk
16083,Active
16085,Active
16086,VIP
16087,VIP
16088,AtRisk
16089,Active
16090,AtRisk
16092,Growing
16094,VIP
16095,Normal
16096,Active
16098,VIP
16099,Active
16100,Normal
16101,Growing
16103,VIP
16104,VIP
16105,Growing
16108,Growing
16109,AtRisk
16110,Normal
16111,New
16115,Active
16117,Active
16118,AtRisk
16119,Active
16120,VIP
16121,Active
16122,Active
16124,VIP
16125,VIP
16126,VIP
16127,AtRisk
16128,VIP
16129,Active
16130,Active
16131,VIP
16132,Growing
16133,VIP
16134,VIP
16135,AtRisk
16136,AtRisk
16137,AtRisk
16138,Active
16139,AtRisk
16140,Active
16141,New
16143,VIP
16145,VIP
16146,New
16147,VIP
16148,New
16149,New
16150,VIP
16153,VIP
16155,Active
16156,VIP
16158,Growing
16159,Growing
16161,VIP
16163,VIP
16165,Normal
16166,Growing
16167,Active
16168,VIP
16170,VIP
16172,Growing
16174,Growing
16175,Growing
16176,VIP
16177,Growing
16178,New
16180,Growing
16182,Growing
16183,Active
16185,AtRisk
16186,VIP
16188,New
16190,VIP
16191,VIP
16192,AtRisk
16193,New
16194,New
16195,AtRisk
16196,Normal
16197,Growing
16198,New
16199,Active
16200,VIP
16201,New
16202,VIP
16203,Active
16204,Active
16205,Active
16206,VIP
16208,VIP
16209,VIP
16210,VIP
16211,Active
16212,AtRisk
16214,New
16218,Active
16219,Normal
16221,Active
16222,AtRisk
16223,Active
16224,New
16225,VIP
16226,Active
16227,Growing
16228,Active
16229,VIP
16231,Active
16232,VIP
16233,VIP
16234,Growing
16235,Active
16237,New
16238,New
16239,Active
16241,VIP
16242,VIP
16244,New
16246,Growing
16250,Active
16251,Normal
16252,New
16253,VIP
16254,Active
16255,VIP
16256,Growing
16258,VIP
16259,Active
16261,Active
16262,New
16263,New
16264,Growing
16265,VIP
16266,Active
16267,AtRisk
16269,New
16271,Growing
16273,AtRisk
16274,New
16275,Growing
16276,Growing
16277,AtRisk
16278,Growing
16279,VIP
16280,AtRisk
16281,Active
16282,Growing
16283,VIP
16284,New
16285,AtRisk
16286,Growing
16287,Active
16288,Normal
16289,Normal
16290,Growing
16291,AtRisk
16292,Active
16293,VIP
16294,Normal
16296,AtRisk
16298,Active
16299,Normal
16300,Growing
16301,AtRisk
16303,VIP
16304,AtRisk
16306,Active
16307,Growing
16308,VIP
16310,Active
16312,New
16314,VIP
16315,Normal
16316,VIP
16317,AtRisk
16320,Growing
16321,AtRisk
16323,AtRisk
16325,VIP
16326,VIP
16327,VIP
16328,AtRisk
16329,Growing
16330,Active
16331,Growing
16332,Growing
16334,Normal
16335,AtRisk
16336,VIP
16340,Growing
16341,Growing
16343,New
16344,Growing
16345,Normal
16346,New
16347,VIP
16348,New
16350,Active
16351,VIP
16353,VIP
16354,Active
16355,New
16356,Active
16357,New
16358,New
16359,Active
16362,New
16365,VIP
16366,AtRisk
16367,New
16368,New
16369,Growing
16371,New
16372,Active
16373,Active
16374,Active
16375,Growing
16377,AtRisk
16381,Active
16382,Active
16383,VIP
16384,Growing
16385,Active
16386,New
16387,Active
16388,AtRisk
16390,Growing
16391,Active
16392,Active
16393,VIP
16395,VIP
16396,Normal
16397,AtRisk
16399,New
16400,VIP
16401,VIP
16402,New
16406,Growing
16407,Active
16408,AtRisk
16409,VIP
16410,AtRisk
16411,Active
16412,Active
16413,New
16414,Growing
16415,AtRisk
16416,VIP
16417,Normal
16418,Active
16419,AtRisk
16420,New
16421,Active
16422,VIP
16424,New
16428,Active
16430,Active
16433,New
16434,Growing
16435,Growing
16436,AtRisk
16437,Active
16439,AtRisk
16440,Normal
16441,Active
16442,AtRisk
16443,Normal
16444,VIP
16445,Active
16447,AtRisk
16448,Normal
16450,AtRisk
16451,AtRisk
16452,AtRisk
16453,Growing
16454,AtRisk
16455,VIP
16456,VIP
16458,VIP
16459,AtRisk
16461,AtRisk
16465,Active
16466,VIP
16467,Growing
16468,Growing
16469,Normal
16470,VIP
16471,Active
16472,Growing
16473,New
16476,New
16477,VIP
16481,AtRisk
16485,Growing
16486,Normal
16487,AtRisk
16489,Active
16490,New
16491,New
16492,Normal
16493,Growing
16496,Growing
16497,VIP
16499,VIP
16500,Active
16501,New
16502,AtRisk
16503,VIP
16507,AtRisk
16508,AtRisk
16510,VIP
16511,Active
16515,VIP
16518,Active
16519,Active
16520,VIP
16521,Active
16522,Growing
16523,VIP
16524,Growing
16525,VIP
16526,AtRisk
16527,New
16529,Growing
16530,AtRisk
16531,Active
16532,Growing
16534,AtRisk
16535,Active
16537,AtRisk
16538,Growing
16539,VIP
16540,New
16541,AtRisk
16542,New
16543,AtRisk
16544,Growing
16545,New
16546,VIP
16547,AtRisk
16548,AtRisk
16549,VIP
16550,VIP
16551,Active
16552,New
16553,VIP
16554,VIP
16555,Growing
16556,VIP
16558,VIP
16559,New
16560,VIP
16562,Normal
16563,VIP
16564,AtRisk
16565,Active
16568,Growing
16569,AtRisk
16570,VIP
16571,VIP
16574,Active
16576,Active
16577,AtRisk
16578,AtRisk
16579,New
16583,Active
16584,Growing
16585,AtRisk
16586,Growing
16588,Active
16589,New
16590,Active
16592,VIP
16593,Active
16595,VIP
16596,Active
16599,New
16600,Active
16601,Active
16602,New
16604,AtRisk
16605,AtRisk
16606,Active
16607,VIP
16608,Growing
16611,VIP
16612,VIP
16614,Active
16615,AtRisk
16619,VIP
16620,VIP
16622,Normal
16623,Active
16625,Active
16628,Active
16630,New
16631,Growing
16632,Growing
16634,VIP
16635,New
16636,Growing
16638,Active
16639,New
16640,New
16641,AtRisk
16642,New
16643,New
16645,AtRisk
16646,New
16647,Growing
16648,Growing
16649,Normal
16650,Active
16651,AtRisk
16652,VIP
16654,Active
16655,VIP
16656,VIP
16658,Active
16660,Active
16661,Growing
16662,New
16663,AtRisk
16664,AtRisk
16666,AtRisk
16668,Active
16670,VIP
16673,AtRisk
16675,Growing
16676,Active
16677,Active
16679,Active
16680,Growing
16681,AtRisk
16683,Normal
16684,VIP
16686,VIP
16687,New
16690,Active
16691,Active
16692,Active
16693,Active
16694,AtRisk
16695,AtRisk
16699,Active
16700,VIP
16701,VIP
16702,Active
16704,AtRisk
16705,VIP
16707,Active
16709,VIP
16710,VIP
16711,Active
16712,Active
16713,VIP
16714,AtRisk
16715,AtRisk
16716,AtRisk
16717,VIP
16718,VIP
16719,VIP
16720,Active
16722,VIP
16723,Growing
16724,New
16725,Active
16726,Active
16727,Active
16731,AtRisk
16732,VIP
16733,Normal
16735,VIP
16736,Growing
16737,AtRisk
16739,Normal
16740,New
16741,AtRisk
16742,Growing
16743,Growing
16746,VIP
16748,VIP
16749,AtRisk
16752,New
16754,VIP
16755,Growing
16756,Active
16757,New
16760,New
16763,AtRisk
16765,New
16767,VIP
16768,Active
16769,Growing
16770,Active
16771,Growing
16772,VIP
16773,Growing
16774,Active
16775,Active
16776,New
16777,Active
16779,VIP
16780,New
16781,Active
16782,VIP
16783,New
16784,Active
16785,New
16786,New
16787,Active
16788,Active
16791,VIP
16792,Active
16794,Active
16795,VIP
16797,VIP
16798,AtRisk
16799,Growing
16802,AtRisk
16805,AtRisk
16807,Growing
16809,Growing
16810,New
16812,VIP
16814,VIP
16815,Growing
16817,Active
16819,Growing
16821,New
16822,AtRisk
16823,VIP
16824,New
16825,Active
16827,Active
16829,New
16830,Growing
16831,AtRisk
16832,Growing
16833,Growing
16834,AtRisk
16835,Active
16836,Active
16838,Growing
16839,VIP
16840,AtRisk
16841,Growing
16843,VIP
16844,AtRisk
16845,AtRisk
16846,AtRisk
16847,AtRisk
16848,Active
16854,Active
16856,Active
16857,New
16858,VIP
16859,Active
16860,Growing
16861,Active
16862,AtRisk
16863,Active
16864,Growing
16865,New
16867,AtRisk
16868,Active
16870,Normal
16872,Growing
16873,Growing
16874,New
16875,Growing
16876,New
16880,Normal
16883,VIP
16884,AtRisk
16885,New
16886,Normal
16887,Active
16888,Active
16889,Active
16890,Growing
16891,Active
16892,AtRisk
16893,Active
16894,Growing
16895,Growing
16896,AtRisk
16898,Active
16899,Active
16901,AtRisk
16903,Active
16904,Active
16905,VIP
16906,Growing
16907,Active
16908,AtRisk
16911,AtRisk
16912,VIP
16913,AtRisk
16915,Active
16916,Active
16917,AtRisk
16918,VIP
16919,VIP
16920,New
16921,Growing
16922,AtRisk
16923,VIP
16925,Normal
16926,Active
16928,Active
16931,Active
16932,Active
16933,VIP
16934,Active
16935,Active
16936,New
16937,Normal
16938,VIP
16939,Growing
16940,Growing
16941,AtRisk
16943,Growing
16944,AtRisk
16945,VIP
16946,Active
16947,Growing
16948,Growing
16950,VIP
16952,Growing
16954,VIP
16955,Active
16958,New
16960,VIP
16961,Active
16962,New
16964,AtRisk
16970,AtRisk
16972,Active
16973,New
16974,Growing
16975,Active
16977,Active
16978,AtRisk
16979,Active
16980,New
16983,VIP
16984,VIP
16985,VIP
16986,Growing
16987,Active
16988,New
16990,New
16991,New
16992,VIP
16993,Growing
16996,Active
16998,New
17000,Active
17001,VIP
17002,Growing
17003,Active
17004,Active
17005,Growing
17006,Active
17007,New
17008,New
17009,AtRisk
17011,AtRisk
17012,AtRisk
17016,AtRisk
17017,VIP
17018,Active
17019,VIP
17020,Growing
17021,Growing
17022,New
17023,Active
17025,Active
17026,Active
17027,Growing
17028,AtRisk
17029,Active
17031,VIP
17032,AtRisk
17033,New
17034,Active
17035,AtRisk
17036,New
17038,New
17039,AtRisk
17040,AtRisk
17041,Active
17043,Active
17044,VIP
17045,Active
17046,Growing
17047,Growing
17048,Growing
17049,VIP
17050,VIP
17051,Growing
17055,New
17056,AtRisk
17057,AtRisk
17059,VIP
17062,Active
17063,VIP
17065,AtRisk
17066,AtRisk
17067,AtRisk
17068,VIP
17069,VIP
17070,New
17071,Active
17072,AtRisk
17074,AtRisk
17075,Growing
17076,Active
17077,AtRisk
17080,Active
17081,Active
17082,VIP
17083,VIP
17084,New
17085,VIP
17087,AtRisk
17089,New
17090,Active
17091,VIP
17092,Growing
17093,AtRisk
17094,New
17095,Growing
17096,VIP
17097,Active
17098,Active
17099,Normal
17101,Active
17103,AtRisk
17104,New
17106,New
17107,VIP
17108,AtRisk
17109,Active
17110,Growing
17111,New
17112,Normal
17113,AtRisk
17115,AtRisk
17116,AtRisk
17121,New
17122,Active
17123,Growing
17126,Active
17127,Growing
17129,Normal
17132,Growing
17133,Growing
17134,New
17135,Active
17136,AtRisk
17137,Active
17138,VIP
17139,VIP
17141,Active
17142,Active
17143,Active
17145,Growing
17146,Growing
17147,Growing
17149,New
17150,Active
17151,AtRisk
17152,New
17155,Growing
17156,Normal
17157,Growing
17158,AtRisk
17159,Growing
17160,VIP
17161,New
17163,Growing
17165,VIP
17167,Active
17168,Normal
17169,AtRisk
17170,Active
17171,AtRisk
17172,Growing
17176,Growing
17177,Normal
17178,AtRisk
17179,Active
17180,VIP
17181,Active
17182,Active
17184,AtRisk
17185,AtRisk
17187,Normal
17188,Growing
17189,AtRisk
17190,Active
17191,VIP
17192,Normal
17193,Active
17194,Normal
17195,AtRisk
17196,New
17198,Active
17199,AtRisk
17200,Active
17201,Growing
17202,New
17203,VIP
17204,VIP
17205,Active
17207,AtRisk
17208,New
17209,AtRisk
17210,New
17211,VIP
17212,Growing
17213,VIP
17215,Normal
17216,AtRisk
17217,AtRisk
17218,VIP
17219,New
17220,Active
17221,AtRisk
17222,Growing
17223,Active
17224,Normal
17225,AtRisk
17226,Growing
17227,Active
17228,Active
17230,AtRisk
17231,VIP
17233,Growing
17235,Active
17236,Active
17237,Active
17238,VIP
17239,Active
17240,AtRisk
17241,VIP
17242,Growing
17243,VIP
17244,Active
17245,AtRisk
17246,AtRisk
17248,Normal
17249,New
17251,Active
17254,New
17255,Active
17256,Growing
17257,Growing
17258,Active
17259,Active
17260,New
17261,Normal
17262,VIP
17264,New
17266,Growing
17268,Growing
17269,New
17270,Growing
17271,AtRisk
17273,New
17274,New
17275,New
17276,New
17278,AtRisk
17280,New
17281,Active
17282,Growing
17283,New
17284,Active
17285,AtRisk
17286,Active
17287,VIP
17288,Active
17289,Active
17290,Active
17292,Growing
17293,VIP
17294,AtRisk
17296,AtRisk
17298,Active
17299,Growing
17300,Active
17301,AtRisk
17304,Normal
17305,AtRisk
17306,Active
17307,VIP
17308,VIP
17309,Active
17310,Active
17311,VIP
17314,VIP
17315,VIP
17316,New
17318,AtRisk
17319,AtRisk
17320,VIP
17321,Active
17322,Active
17323,Active
17324,Active
17325,Active
17326,Active
17327,Active
17328,AtRisk
17329,AtRisk
17330,Growing
17332,Growing
17334,New
17335,Active
17336,Normal
17338,VIP
17339,Active
17340,VIP
17341,Active
17342,Active
17343,Active
17344,AtRisk
17345,Active
17346,VIP
17348,Growing
17349,Active
17350,Active
17351,Growing
17352,AtRisk
17353,Growing
17354,Growing
17355,New
17356,AtRisk
17358,Active
17359,AtRisk
17360,Active
17361,AtRisk
17362,Active
17363,Active
17364,VIP
17365,VIP
17366,Growing
17368,Active
17369,New
17371,AtRisk
17372,VIP
17373,Active
17374,New
17375,New
17376,Active
17377,VIP
17378,New
17380,Growing
17381,VIP
17382,Growing
17383,New
17384,Normal
17386,New
17388,VIP
17389,VIP
17390,New
17392,New
17393,Active
17395,Normal
17396,VIP
17397,New
17400,AtRisk
17401,Normal
17402,VIP
17403,New
17404,VIP
17406,VIP
17407,New
17408,Growing
17409,VIP
17411,Active
17412,VIP
17413,Active
17414,VIP
17416,VIP
17417,AtRisk
17418,New
17419,VIP
17420,Active
17421,Active
17422,VIP
17423,New
17426,Growing
17428,VIP
17429,Active
17430,Active
17432,Active
17433,New
17435,New
17436,Active
17437,Normal
17438,Growing
17439,AtRisk
17440,AtRisk
17441,AtRisk
17442,VIP
17448,Growing
17449,VIP
17450,VIP
17454,Growing
17456,Active
17457,VIP
17458,New
17460,VIP
17463,AtRisk
17464,Growing
17465,VIP
17467,New
17468,New
17469,VIP
17470,VIP
17471,Normal
17472,AtRisk
17473,Active
17474,AtRisk
17476,Active
17477,AtRisk
17478,Active
17479,AtRisk
17480,New
17482,Growing
17483,New
17484,AtRisk
17487,AtRisk
17488,AtRisk
17490,Active
17491,VIP
17492,Growing
17493,New
17494,Normal
17495,New
17496,AtRisk
17497,Active
17499,AtRisk
17504,VIP
17505,AtRisk
17508,VIP
17510,New
17511,VIP
17512,Growing
17513,Active
17514,AtRisk
17515,Active
17516,New
17518,Active
17519,VIP
17521,Active
17524,Growing
17525,Active
17526,VIP
17529,AtRisk
17530,Active
17531,Growing
17532,New
17533,New
17534,Growing
17536,Active
17539,AtRisk
17540,Active
17541,Normal
17542,AtRisk
17543,AtRisk
17544,Active
17545,Active
17547,Active
17548,Active
17550,VIP
17552,VIP
17553,Growing
17555,Active
17556,New
17557,AtRisk
17558,New
17559,Normal
17560,Active
17561,Active
17563,AtRisk
17565,AtRisk
17567,Active
17568,AtRisk
17570,New
17571,Normal
17572,Active
17575,AtRisk
17576,VIP
17577,AtRisk
17578,Growing
17579,AtRisk
17580,Active
17581,VIP
17582,Growing
17583,AtRisk
17584,Growing
17585,Growing
17586,AtRisk
17587,AtRisk
17588,VIP
17589,VIP
17591,Active
17592,AtRisk
17593,VIP
17594,Growing
17596,VIP
17597,VIP
17598,New
17599,Normal
17601,New
17602,Growing
17603,AtRisk
17604,Active
17605,AtRisk
17606,AtRisk
17607,New
17608,Growing
17609,Active
17610,Growing
17611,VIP
17612,VIP
17615,Active
17616,Active
17617,AtRisk
17618,VIP
17621,VIP
17622,AtRisk
17623,VIP
17624,Growing
17625,Growing
17626,AtRisk
17627,Normal
17629,Active
17631,Active
17633,Active
17635,Active
17638,AtRisk
17639,Active
17640,VIP
17642,Growing
17643,Active
17644,VIP
17646,VIP
17647,AtRisk
17648,New
17649,Growing
17651,Growing
17655,Active
17657,New
17659,Active
17660,AtRisk
17662,AtRisk
17663,VIP
17664,Growing
17665,Normal
17666,Growing
17667,Growing
17669,Growing
17671,Active
17672,VIP
17673,VIP
17674,New
17675,VIP
17676,Active
17677,VIP
17678,AtRisk
17679,Growing
17680,Active
17681,AtRisk
17682,VIP
17683,Active
17685,VIP
17686,VIP
17687,New
17688,New
17689,Active
17690,VIP
17691,Active
17692,VIP
17694,Growing
17695,Active
17696,VIP
17699,Growing
17700,VIP
17702,Active
17703,New
17705,Growing
17706,VIP
17707,Active
17708,Active
17709,Growing
17710,New
17713,Active
17714,Active
17715,AtRisk
17716,VIP
17717,New
17718,AtRisk
17720,VIP
17721,AtRisk
17722,VIP
17723,New
17726,Active
17728,Active
17729,AtRisk
17730,VIP
17731,AtRisk
17732,VIP
17734,Growing
17735,VIP
17738,VIP
17739,VIP
17740,Active
17741,Active
17742,Growing
17743,New
17744,New
17745,Growing
17746,Growing
17748,Normal
17749,AtRisk
17751,New
17753,Growing
17754,VIP
17756,Active
17757,VIP
17758,Growing
17759,Active
17760,Active
17762,Normal
17763,AtRisk
17764,Active
17765,New
17766,Active
17767,New
17768,Active
17769,VIP
17771,Growing
17772,New
17773,Growing
17774,VIP
17776,Active
17778,AtRisk
17780,AtRisk
17782,Active
17783,Normal
17784,AtRisk
17785,Growing
17787,New
17789,AtRisk
17790,Active
17792,Growing
17794,AtRisk
17796,Active
17797,Active
17798,AtRisk
17799,VIP
17801,Growing
17802,VIP
17803,New
17804,Active
17805,AtRisk
17807,Active
17808,AtRisk
17809,VIP
17810,AtRisk
17811,VIP
17812,Active
17814,VIP
17815,New
17816,Active
17817,Active
17818,AtRisk
17819,VIP
17820,New
17821,New
17822,VIP
17823,Active
17825,AtRisk
17826,New
17827,AtRisk
17829,VIP
17833,AtRisk
17834,Active
17838,VIP
17840,New
17841,VIP
17842,AtRisk
17843,New
17845,AtRisk
17847,Growing
17848,VIP
17849,Growing
17850,VIP
17851,VIP
17852,Active
17853,VIP
17854,Growing
17855,New
17857,VIP
17858,VIP
17860,Active
17861,VIP
17862,Active
17863,VIP
17864,Active
17865,VIP
17866,Growing
17867,Active
17868,New
17869,Active
17870,Active
17871,Active
17872,New
17873,VIP
17875,AtRisk
17876,VIP
17878,Active
17880,AtRisk
17882,Active
17883,Growing
17884,VIP
17886,Growing
17888,Active
17889,Active
17894,Active
17897,VIP
17898,Growing
17901,Growing
17902,AtRisk
17903,New
17905,VIP
17907,AtRisk
17908,Active
17909,AtRisk
17910,AtRisk
17912,New
17913,VIP
17915,AtRisk
17916,AtRisk
17918,Growing
17919,New
17920,VIP
17921,VIP
17922,Normal
17923,Growing
17924,Active
17925,New
17926,Growing
17927,AtRisk
17928,AtRisk
17929,VIP
17930,VIP
17931,VIP
17933,AtRisk
17934,New
17935,Active
17938,New
17940,Growing
17941,AtRisk
17944,New
17945,AtRisk
17949,VIP
17950,Active
17951,Active
17952,Active
17953,Normal
17954,VIP
17955,AtRisk
17958,AtRisk
17959,AtRisk
17960,Growing
17961,VIP
17962,AtRisk
17963,Growing
17964,New
17965,VIP
17966,AtRisk
17967,Active
17968,Active
17969,Growing
17971,AtRisk
17974,Active
17975,VIP
17976,New
17977,New
17978,Active
17980,New
17981,New
17982,AtRisk
17983,New
17984,Active
17987,Active
17988,Growing
17989,New
17990,Active
17991,AtRisk
17992,New
17993,AtRisk
17994,VIP
17995,Active
17996,Active
17998,Active
17999,Active
18000,AtRisk
18001,Growing
18002,Active
18003,New
18006,Active
18007,New
18008,VIP
18009,Growing
18011,Active
18012,AtRisk
18016,Active
18017,New
18018,Active
18020,Normal
18021,Growing
18022,Active
18025,Active
18026,Growing
18028,AtRisk
18029,AtRisk
18031,New
18034,New
18035,Active
18036,Active
18037,Active
18038,AtRisk
18039,Active
18041,VIP
18042,Normal
18043,New
18044,Active
18046,AtRisk
18047,Active
18048,Normal
18049,Growing
18050,New
18051,AtRisk
18052,AtRisk
18053,Growing
18054,New
18055,VIP
18056,AtRisk
18057,Active
18058,Growing
18060,Active
18061,VIP
18062,Active
18063,Active
18064,Growing
18065,VIP
18066,Active
18069,VIP
18070,AtRisk
18071,Active
18074,Active
18075,VIP
18076,New
18077,VIP
18078,Active
18079,Normal
18083,New
18084,Active
18085,Active
18087,VIP
18089,New
18090,New
18091,AtRisk
18092,VIP
18093,Growing
18094,Growing
18095,Growing
18096,Growing
18097,VIP
18098,New
18100,AtRisk
18101,Active
18102,VIP
18103,AtRisk
18106,Growing
18107,New
18108,AtRisk
18109,VIP
18110,New
18111,AtRisk
18112,Active
18113,New
18115,AtRisk
18116,Active
18118,Active
18119,New
18123,Normal
18124,Normal
18127,New
18128,Normal
18131,AtRisk
18132,Normal
18134,AtRisk
18135,Active
18136,Active
18137,AtRisk
18140,Normal
18141,Active
18144,VIP
18145,VIP
18148,AtRisk
18149,Active
18151,Active
18152,AtRisk
18153,AtRisk
18154,Active
18156,New
18157,AtRisk
18160,New
18161,New
18162,AtRisk
18163,AtRisk
18166,AtRisk
18168,VIP
18170,VIP
18171,Growing
18172,VIP
18173,AtRisk
18174,AtRisk
18175,AtRisk
18177,AtRisk
18178,VIP
18179,Growing
18181,Active
18182,Normal
18186,AtRisk
18187,AtRisk
18188,Growing
18189,AtRisk
18190,AtRisk
18191,Normal
18193,Active
18194,Growing
18195,New
18196,Growing
18197,AtRisk
18199,AtRisk
18201,AtRisk
18203,Active
18206,AtRisk
18207,Normal
18208,AtRisk
18210,New
18212,AtRisk
18214,Growing
18215,Growing
18217,Growing
18218,AtRisk
18219,VIP
18220,VIP
18221,New
18223,VIP
18225,VIP
18226,VIP
18227,Normal
18229,VIP
18230,VIP
18231,VIP
18234,AtRisk
18236,Active
18238,Normal
18239,Active
18241,Active
18242,Growing
18243,New
18244,Growing
18245,VIP
18246,AtRisk
18247,Active
18251,Growing
18252,AtRisk
18253,AtRisk
18254,AtRisk
18255,Normal
18256,New
18257,Growing
18258,Growing
18259,VIP
18260,VIP
18262,Active
18264,Normal
18266,New
18267,AtRisk
18268,AtRisk
18269,New
18270,New
18271,AtRisk
18272,AtRisk
18273,AtRisk
18275,AtRisk
18276,Active
18277,Active
18278,New
18279,Normal
18280,New
18281,AtRisk
18283,Active
18284,New
18285,AtRisk
18286,Growing
18287,VIP
